------------------------------------------------------------------------------------------------------------------
-- Load Catalog - Step 4:  Media Items used by products
-- ========================================================
------------------------------------------------------------------------------------------------------------------
INSERT INTO BLC_MEDIA (MEDIA_ID, URL, TITLE, ALT_TEXT) VALUES (101,'/cmsstatic/img/sauces/Sudden-Death-Sauce-Bottle.jpg','Sudden Death Sauce Bottle','primary');
INSERT INTO BLC_MEDIA (MEDIA_ID, URL, TITLE, ALT_TEXT) VALUES (102,'/cmsstatic/img/sauces/Sudden-Death-Sauce-Close.jpg','Sudden Death Sauce Close-up','alt1');
INSERT INTO BLC_MEDIA (MEDIA_ID, URL, TITLE, ALT_TEXT) VALUES (201,'/cmsstatic/img/sauces/Sweet-Death-Sauce-Bottle.jpg','Sweet Death Sauce Bottle','primary');
INSERT INTO BLC_MEDIA (MEDIA_ID, URL, TITLE, ALT_TEXT) VALUES (202,'/cmsstatic/img/sauces/Sweet-Death-Sauce-Close.jpg','Sweet Death Sauce Close-up','alt1');
INSERT INTO BLC_MEDIA (MEDIA_ID, URL, TITLE, ALT_TEXT) VALUES (203,'/cmsstatic/img/sauces/Sweet-Death-Sauce-Skull.jpg','Sweet Death Sauce Close-up','alt2');
INSERT INTO BLC_MEDIA (MEDIA_ID, URL, TITLE, ALT_TEXT) VALUES (204,'/cmsstatic/img/sauces/Sweet-Death-Sauce-Tile.jpg','Sweet Death Sauce Close-up','alt3');
INSERT INTO BLC_MEDIA (MEDIA_ID, URL, TITLE, ALT_TEXT) VALUES (205,'/cmsstatic/img/sauces/Sweet-Death-Sauce-Grass.jpg','Sweet Death Sauce Close-up','alt4');
INSERT INTO BLC_MEDIA (MEDIA_ID, URL, TITLE, ALT_TEXT) VALUES (206,'/cmsstatic/img/sauces/Sweet-Death-Sauce-Logo.jpg','Sweet Death Sauce Close-up','alt5');
INSERT INTO BLC_MEDIA (MEDIA_ID, URL, TITLE, ALT_TEXT) VALUES (301,'/cmsstatic/img/sauces/Hoppin-Hot-Sauce-Bottle.jpg','Hoppin Hot Sauce Bottle','primary');
INSERT INTO BLC_MEDIA (MEDIA_ID, URL, TITLE, ALT_TEXT) VALUES (302,'/cmsstatic/img/sauces/Hoppin-Hot-Sauce-Close.jpg','Hoppin Hot Sauce Close-up','alt1');
INSERT INTO BLC_MEDIA (MEDIA_ID, URL, TITLE, ALT_TEXT) VALUES (401,'/cmsstatic/img/sauces/Day-of-the-Dead-Chipotle-Hot-Sauce-Bottle.jpg','Day of the Dead Chipotle Hot Sauce Bottle','primary');
INSERT INTO BLC_MEDIA (MEDIA_ID, URL, TITLE, ALT_TEXT) VALUES (402,'/cmsstatic/img/sauces/Day-of-the-Dead-Chipotle-Hot-Sauce-Close.jpg','Day of the Dead Chipotle Hot Sauce Close-up','alt1');
INSERT INTO BLC_MEDIA (MEDIA_ID, URL, TITLE, ALT_TEXT) VALUES (501,'/cmsstatic/img/sauces/Day-of-the-Dead-Habanero-Hot-Sauce-Bottle.jpg','Day of the Dead Habanero Hot Sauce Bottle','primary');
INSERT INTO BLC_MEDIA (MEDIA_ID, URL, TITLE, ALT_TEXT) VALUES (502,'/cmsstatic/img/sauces/Day-of-the-Dead-Habanero-Hot-Sauce-Close.jpg','Day of the Dead Habanero Hot Sauce Close-up','alt1');
INSERT INTO BLC_MEDIA (MEDIA_ID, URL, TITLE, ALT_TEXT) VALUES (601,'/cmsstatic/img/sauces/Day-of-the-Dead-Scotch-Bonnet-Hot-Sauce-Bottle.jpg','Day of the Dead Scotch Bonnet Hot Sauce Bottle','primary');
INSERT INTO BLC_MEDIA (MEDIA_ID, URL, TITLE, ALT_TEXT) VALUES (602,'/cmsstatic/img/sauces/Day-of-the-Dead-Scotch-Bonnet-Hot-Sauce-Close.jpg','Day of the Dead Scotch Bonnet Hot Sauce Close-up','alt1');
INSERT INTO BLC_MEDIA (MEDIA_ID, URL, TITLE, ALT_TEXT) VALUES (701,'/cmsstatic/img/sauces/Green-Ghost-Bottle.jpg','Green Ghost Bottle','primary');
INSERT INTO BLC_MEDIA (MEDIA_ID, URL, TITLE, ALT_TEXT) VALUES (702,'/cmsstatic/img/sauces/Green-Ghost-Close.jpg','Green Ghost Close-up','alt1');
INSERT INTO BLC_MEDIA (MEDIA_ID, URL, TITLE, ALT_TEXT) VALUES (801,'/cmsstatic/img/sauces/Blazin-Saddle-XXX-Hot-Habanero-Pepper-Sauce-Bottle.jpg','Blazin Saddle XXX Hot Habanero Pepper Sauce Bottle','primary');
INSERT INTO BLC_MEDIA (MEDIA_ID, URL, TITLE, ALT_TEXT) VALUES (802,'/cmsstatic/img/sauces/Blazin-Saddle-XXX-Hot-Habanero-Pepper-Sauce-Close.jpg','Blazin Saddle XXX Hot Habanero Pepper Sauce Close-up','alt1');
INSERT INTO BLC_MEDIA (MEDIA_ID, URL, TITLE, ALT_TEXT) VALUES (901,'/cmsstatic/img/sauces/Armageddon-The-Hot-Sauce-To-End-All-Bottle.jpg','Armageddon The Hot Sauce To End All Bottle','primary');
INSERT INTO BLC_MEDIA (MEDIA_ID, URL, TITLE, ALT_TEXT) VALUES (902,'/cmsstatic/img/sauces/Armageddon-The-Hot-Sauce-To-End-All-Close.jpg','Armageddon The Hot Sauce To End All Close-up','alt1');
INSERT INTO BLC_MEDIA (MEDIA_ID, URL, TITLE, ALT_TEXT) VALUES (1001,'/cmsstatic/img/sauces/Dr.-Chilemeisters-Insane-Hot-Sauce-Bottle.jpg','Dr. Chilemeisters Insane Hot Sauce Bottle','primary');
INSERT INTO BLC_MEDIA (MEDIA_ID, URL, TITLE, ALT_TEXT) VALUES (1002,'/cmsstatic/img/sauces/Dr.-Chilemeisters-Insane-Hot-Sauce-Close.jpg','Dr. Chilemeisters Insane Hot Sauce Close-up','alt1');
INSERT INTO BLC_MEDIA (MEDIA_ID, URL, TITLE, ALT_TEXT) VALUES (1101,'/cmsstatic/img/sauces/Bull-Snort-Cowboy-Cayenne-Pepper-Hot-Sauce-Bottle.jpg','Bull Snort Cowboy Cayenne Pepper Hot Sauce Bottle','primary');
INSERT INTO BLC_MEDIA (MEDIA_ID, URL, TITLE, ALT_TEXT) VALUES (1102,'/cmsstatic/img/sauces/Bull-Snort-Cowboy-Cayenne-Pepper-Hot-Sauce-Close.jpg','Bull Snort Cowboy Cayenne Pepper Hot Sauce Close-up','alt1');
INSERT INTO BLC_MEDIA (MEDIA_ID, URL, TITLE, ALT_TEXT) VALUES (1201,'/cmsstatic/img/sauces/Cafe-Louisiane-Sweet-Cajun-Blackening-Sauce-Bottle.jpg','Cafe Louisiane Sweet Cajun Blackening Sauce Bottle','primary');
INSERT INTO BLC_MEDIA (MEDIA_ID, URL, TITLE, ALT_TEXT) VALUES (1202,'/cmsstatic/img/sauces/Cafe-Louisiane-Sweet-Cajun-Blackening-Sauce-Close.jpg','Cafe Louisiane Sweet Cajun Blackening Sauce Close-up','alt1');
INSERT INTO BLC_MEDIA (MEDIA_ID, URL, TITLE, ALT_TEXT) VALUES (1301,'/cmsstatic/img/sauces/Bull-Snort-Smokin-Toncils-Hot-Sauce-Bottle.jpg','Bull Snort Smokin Toncils Hot Sauce Bottle','primary');
INSERT INTO BLC_MEDIA (MEDIA_ID, URL, TITLE, ALT_TEXT) VALUES (1302,'/cmsstatic/img/sauces/Bull-Snort-Smokin-Toncils-Hot-Sauce-Close.jpg','Bull Snort Smokin Toncils Hot Sauce Close-up','alt1');
INSERT INTO BLC_MEDIA (MEDIA_ID, URL, TITLE, ALT_TEXT) VALUES (1401,'/cmsstatic/img/sauces/Cool-Cayenne-Pepper-Hot-Sauce-Bottle.jpg','Cool Cayenne Pepper Hot Sauce Bottle','primary');
INSERT INTO BLC_MEDIA (MEDIA_ID, URL, TITLE, ALT_TEXT) VALUES (1402,'/cmsstatic/img/sauces/Cool-Cayenne-Pepper-Hot-Sauce-Close.jpg','Cool Cayenne Pepper Hot Sauce Close-up','alt1');
INSERT INTO BLC_MEDIA (MEDIA_ID, URL, TITLE, ALT_TEXT) VALUES (1501,'/cmsstatic/img/sauces/Roasted-Garlic-Hot-Sauce-Bottle.jpg','Roasted Garlic Hot Sauce Bottle','primary');
INSERT INTO BLC_MEDIA (MEDIA_ID, URL, TITLE, ALT_TEXT) VALUES (1502,'/cmsstatic/img/sauces/Roasted-Garlic-Hot-Sauce-Close.jpg','Roasted Garlic Hot Sauce Close-up','alt1');
INSERT INTO BLC_MEDIA (MEDIA_ID, URL, TITLE, ALT_TEXT) VALUES (1601,'/cmsstatic/img/sauces/Scotch-Bonnet-Hot-Sauce-Bottle.jpg','Scotch Bonnet Hot Sauce Bottle','primary');
INSERT INTO BLC_MEDIA (MEDIA_ID, URL, TITLE, ALT_TEXT) VALUES (1602,'/cmsstatic/img/sauces/Scotch-Bonnet-Hot-Sauce-Close.jpg','Scotch Bonnet Hot Sauce Close-up','alt1');
INSERT INTO BLC_MEDIA (MEDIA_ID, URL, TITLE, ALT_TEXT) VALUES (1701,'/cmsstatic/img/sauces/Insanity-Sauce-Bottle.jpg','Insanity Sauce Bottle','primary');
INSERT INTO BLC_MEDIA (MEDIA_ID, URL, TITLE, ALT_TEXT) VALUES (1702,'/cmsstatic/img/sauces/Insanity-Sauce-Close.jpg','Insanity Sauce Close-up','alt1');
INSERT INTO BLC_MEDIA (MEDIA_ID, URL, TITLE, ALT_TEXT) VALUES (1801,'/cmsstatic/img/sauces/Hurtin-Jalepeno-Hot-Sauce-Bottle.jpg','Hurtin Jalepeno Hot Sauce Bottle','primary');
INSERT INTO BLC_MEDIA (MEDIA_ID, URL, TITLE, ALT_TEXT) VALUES (1802,'/cmsstatic/img/sauces/Hurtin-Jalepeno-Hot-Sauce-Close.jpg','Hurtin Jalepeno Hot Sauce Close-up','alt1');
INSERT INTO BLC_MEDIA (MEDIA_ID, URL, TITLE, ALT_TEXT) VALUES (1901,'/cmsstatic/img/sauces/Roasted-Red-Pepper-and-Chipotle-Hot-Sauce-Bottle.jpg','Roasted Red Pepper and Chipotle Hot Sauce Bottle','primary');
INSERT INTO BLC_MEDIA (MEDIA_ID, URL, TITLE, ALT_TEXT) VALUES (1902,'/cmsstatic/img/sauces/Roasted-Red-Pepper-and-Chipotle-Hot-Sauce-Close.jpg','Roasted Red Pepper and Chipotle Hot Sauce Close-up','alt1');

INSERT INTO BLC_MEDIA (MEDIA_ID, URL, TITLE, ALT_TEXT, TAGS) VALUES (10001,'/cmsstatic/img/merch/habanero_mens_black.jpg','Hawt Like a Habanero Men''s Black','primary','Black');
INSERT INTO BLC_MEDIA (MEDIA_ID, URL, TITLE, ALT_TEXT, TAGS) VALUES (10002,'/cmsstatic/img/merch/habanero_mens_red.jpg','Hawt Like a Habanero Men''s Red','primary','Red');
INSERT INTO BLC_MEDIA (MEDIA_ID, URL, TITLE, ALT_TEXT, TAGS) VALUES (10003,'/cmsstatic/img/merch/habanero_mens_silver.jpg','Hawt Like a Habanero Men''s Silver','primary','Silver');
INSERT INTO BLC_MEDIA (MEDIA_ID, URL, TITLE, ALT_TEXT, TAGS) VALUES (20001,'/cmsstatic/img/merch/habanero_womens_black.jpg','Hawt Like a Habanero Women''s Black','primary','Black');
INSERT INTO BLC_MEDIA (MEDIA_ID, URL, TITLE, ALT_TEXT, TAGS) VALUES (20002,'/cmsstatic/img/merch/habanero_womens_red.jpg','Hawt Like a Habanero Women''s Red','primary','Red');
INSERT INTO BLC_MEDIA (MEDIA_ID, URL, TITLE, ALT_TEXT, TAGS) VALUES (20003,'/cmsstatic/img/merch/habanero_womens_silver.jpg','Hawt Like a Habanero Women''s Silver','primary','Silver');
INSERT INTO BLC_MEDIA (MEDIA_ID, URL, TITLE, ALT_TEXT) VALUES (30001,'/cmsstatic/img/merch/heat_clinic_handdrawn_mens_black.jpg','Heat Clinic Hand-Drawn Men''s Black','primary');
INSERT INTO BLC_MEDIA (MEDIA_ID, URL, TITLE, ALT_TEXT) VALUES (30002,'/cmsstatic/img/merch/heat_clinic_handdrawn_mens_red.jpg','Heat Clinic Hand-Drawn Men''s Red','primary');
INSERT INTO BLC_MEDIA (MEDIA_ID, URL, TITLE, ALT_TEXT) VALUES (30003,'/cmsstatic/img/merch/heat_clinic_handdrawn_mens_silver.jpg','Heat Clinic Hand-Drawn Men''s Silver','primary');
INSERT INTO BLC_MEDIA (MEDIA_ID, URL, TITLE, ALT_TEXT) VALUES (40001,'/cmsstatic/img/merch/heat_clinic_handdrawn_womens_black.jpg','Heat Clinic Hand-Drawn Women''s Black','primary');
INSERT INTO BLC_MEDIA (MEDIA_ID, URL, TITLE, ALT_TEXT) VALUES (40002,'/cmsstatic/img/merch/heat_clinic_handdrawn_womens_red.jpg','Heat Clinic Hand-Drawn Women''s Red','primary');
INSERT INTO BLC_MEDIA (MEDIA_ID, URL, TITLE, ALT_TEXT) VALUES (40003,'/cmsstatic/img/merch/heat_clinic_handdrawn_womens_silver.jpg','Heat Clinic Hand-Drawn Women''s Silver','primary');
INSERT INTO BLC_MEDIA (MEDIA_ID, URL, TITLE, ALT_TEXT) VALUES (50001,'/cmsstatic/img/merch/heat_clinic_mascot_mens_black.jpg','Heat Clinic Mascot Men''s Black','primary');
INSERT INTO BLC_MEDIA (MEDIA_ID, URL, TITLE, ALT_TEXT) VALUES (50002,'/cmsstatic/img/merch/heat_clinic_mascot_mens_red.jpg','Heat Clinic Mascot Men''s Red','primary');
INSERT INTO BLC_MEDIA (MEDIA_ID, URL, TITLE, ALT_TEXT) VALUES (50003,'/cmsstatic/img/merch/heat_clinic_mascot_mens_silver.jpg','Heat Clinic Mascot Men''s Silver','primary');
INSERT INTO BLC_MEDIA (MEDIA_ID, URL, TITLE, ALT_TEXT) VALUES (60001,'/cmsstatic/img/merch/heat_clinic_mascot_womens_black.jpg','Heat Clinic Mascot Women''s Black','primary');
INSERT INTO BLC_MEDIA (MEDIA_ID, URL, TITLE, ALT_TEXT) VALUES (60002,'/cmsstatic/img/merch/heat_clinic_mascot_womens_red.jpg','Heat Clinic Mascot Women''s Red','primary');
INSERT INTO BLC_MEDIA (MEDIA_ID, URL, TITLE, ALT_TEXT) VALUES (60003,'/cmsstatic/img/merch/heat_clinic_mascot_womens_silver.jpg','Heat Clinic Mascot Women''s Silver','primary');

------------------------------------------------------------------------------------------------------------------
-- Load Catalog - Step 5:  Mapping for product to media
-- ========================================================
------------------------------------------------------------------------------------------------------------------
INSERT INTO BLC_SKU_MEDIA_MAP (BLC_SKU_SKU_ID, MEDIA_ID, MAP_KEY) VALUES (1,101,'primary');
INSERT INTO BLC_SKU_MEDIA_MAP (BLC_SKU_SKU_ID, MEDIA_ID, MAP_KEY) VALUES (2,201,'primary');
INSERT INTO BLC_SKU_MEDIA_MAP (BLC_SKU_SKU_ID, MEDIA_ID, MAP_KEY) VALUES (3,301,'primary');
INSERT INTO BLC_SKU_MEDIA_MAP (BLC_SKU_SKU_ID, MEDIA_ID, MAP_KEY) VALUES (4,401,'primary');
INSERT INTO BLC_SKU_MEDIA_MAP (BLC_SKU_SKU_ID, MEDIA_ID, MAP_KEY) VALUES (5,501,'primary');
INSERT INTO BLC_SKU_MEDIA_MAP (BLC_SKU_SKU_ID, MEDIA_ID, MAP_KEY) VALUES (6,601,'primary');
INSERT INTO BLC_SKU_MEDIA_MAP (BLC_SKU_SKU_ID, MEDIA_ID, MAP_KEY) VALUES (7,701,'primary');
INSERT INTO BLC_SKU_MEDIA_MAP (BLC_SKU_SKU_ID, MEDIA_ID, MAP_KEY) VALUES (8,801,'primary');
INSERT INTO BLC_SKU_MEDIA_MAP (BLC_SKU_SKU_ID, MEDIA_ID, MAP_KEY) VALUES (9,901,'primary');
INSERT INTO BLC_SKU_MEDIA_MAP (BLC_SKU_SKU_ID, MEDIA_ID, MAP_KEY) VALUES (10,1001,'primary');
INSERT INTO BLC_SKU_MEDIA_MAP (BLC_SKU_SKU_ID, MEDIA_ID, MAP_KEY) VALUES (11,1101,'primary');
INSERT INTO BLC_SKU_MEDIA_MAP (BLC_SKU_SKU_ID, MEDIA_ID, MAP_KEY) VALUES (12,1201,'primary');
INSERT INTO BLC_SKU_MEDIA_MAP (BLC_SKU_SKU_ID, MEDIA_ID, MAP_KEY) VALUES (13,1301,'primary');
INSERT INTO BLC_SKU_MEDIA_MAP (BLC_SKU_SKU_ID, MEDIA_ID, MAP_KEY) VALUES (14,1401,'primary');
INSERT INTO BLC_SKU_MEDIA_MAP (BLC_SKU_SKU_ID, MEDIA_ID, MAP_KEY) VALUES (15,1501,'primary');
INSERT INTO BLC_SKU_MEDIA_MAP (BLC_SKU_SKU_ID, MEDIA_ID, MAP_KEY) VALUES (16,1601,'primary');
INSERT INTO BLC_SKU_MEDIA_MAP (BLC_SKU_SKU_ID, MEDIA_ID, MAP_KEY) VALUES (17,1701,'primary');
INSERT INTO BLC_SKU_MEDIA_MAP (BLC_SKU_SKU_ID, MEDIA_ID, MAP_KEY) VALUES (18,1801,'primary');
INSERT INTO BLC_SKU_MEDIA_MAP (BLC_SKU_SKU_ID, MEDIA_ID, MAP_KEY) VALUES (19,1901,'primary');
INSERT INTO BLC_SKU_MEDIA_MAP (BLC_SKU_SKU_ID, MEDIA_ID, MAP_KEY) VALUES (1,102,'alt1');
INSERT INTO BLC_SKU_MEDIA_MAP (BLC_SKU_SKU_ID, MEDIA_ID, MAP_KEY) VALUES (2,202,'alt1');
INSERT INTO BLC_SKU_MEDIA_MAP (BLC_SKU_SKU_ID, MEDIA_ID, MAP_KEY) VALUES (3,302,'alt1');
INSERT INTO BLC_SKU_MEDIA_MAP (BLC_SKU_SKU_ID, MEDIA_ID, MAP_KEY) VALUES (4,402,'alt1');
INSERT INTO BLC_SKU_MEDIA_MAP (BLC_SKU_SKU_ID, MEDIA_ID, MAP_KEY) VALUES (5,502,'alt1');
INSERT INTO BLC_SKU_MEDIA_MAP (BLC_SKU_SKU_ID, MEDIA_ID, MAP_KEY) VALUES (6,602,'alt1');
INSERT INTO BLC_SKU_MEDIA_MAP (BLC_SKU_SKU_ID, MEDIA_ID, MAP_KEY) VALUES (7,702,'alt1');
INSERT INTO BLC_SKU_MEDIA_MAP (BLC_SKU_SKU_ID, MEDIA_ID, MAP_KEY) VALUES (8,802,'alt1');
INSERT INTO BLC_SKU_MEDIA_MAP (BLC_SKU_SKU_ID, MEDIA_ID, MAP_KEY) VALUES (9,902,'alt1');
INSERT INTO BLC_SKU_MEDIA_MAP (BLC_SKU_SKU_ID, MEDIA_ID, MAP_KEY) VALUES (10,1002,'alt1');
INSERT INTO BLC_SKU_MEDIA_MAP (BLC_SKU_SKU_ID, MEDIA_ID, MAP_KEY) VALUES (11,1102,'alt1');
INSERT INTO BLC_SKU_MEDIA_MAP (BLC_SKU_SKU_ID, MEDIA_ID, MAP_KEY) VALUES (12,1202,'alt1');
INSERT INTO BLC_SKU_MEDIA_MAP (BLC_SKU_SKU_ID, MEDIA_ID, MAP_KEY) VALUES (13,1302,'alt1');
INSERT INTO BLC_SKU_MEDIA_MAP (BLC_SKU_SKU_ID, MEDIA_ID, MAP_KEY) VALUES (14,1402,'alt1');
INSERT INTO BLC_SKU_MEDIA_MAP (BLC_SKU_SKU_ID, MEDIA_ID, MAP_KEY) VALUES (15,1502,'alt1');
INSERT INTO BLC_SKU_MEDIA_MAP (BLC_SKU_SKU_ID, MEDIA_ID, MAP_KEY) VALUES (16,1602,'alt1');
INSERT INTO BLC_SKU_MEDIA_MAP (BLC_SKU_SKU_ID, MEDIA_ID, MAP_KEY) VALUES (17,1702,'alt1');
INSERT INTO BLC_SKU_MEDIA_MAP (BLC_SKU_SKU_ID, MEDIA_ID, MAP_KEY) VALUES (18,1802,'alt1');
INSERT INTO BLC_SKU_MEDIA_MAP (BLC_SKU_SKU_ID, MEDIA_ID, MAP_KEY) VALUES (19,1902,'alt1');
INSERT INTO BLC_SKU_MEDIA_MAP (BLC_SKU_SKU_ID, MEDIA_ID, MAP_KEY) VALUES (2,203,'alt2');
INSERT INTO BLC_SKU_MEDIA_MAP (BLC_SKU_SKU_ID, MEDIA_ID, MAP_KEY) VALUES (2,204,'alt3');
INSERT INTO BLC_SKU_MEDIA_MAP (BLC_SKU_SKU_ID, MEDIA_ID, MAP_KEY) VALUES (2,205,'alt4');
INSERT INTO BLC_SKU_MEDIA_MAP (BLC_SKU_SKU_ID, MEDIA_ID, MAP_KEY) VALUES (2,206,'alt5');

INSERT INTO BLC_SKU_MEDIA_MAP (BLC_SKU_SKU_ID, MEDIA_ID, MAP_KEY) VALUES (100,10001,'primary');
INSERT INTO BLC_SKU_MEDIA_MAP (BLC_SKU_SKU_ID, MEDIA_ID, MAP_KEY) VALUES (200,20002,'primary');
INSERT INTO BLC_SKU_MEDIA_MAP (BLC_SKU_SKU_ID, MEDIA_ID, MAP_KEY) VALUES (300,30003,'primary');
INSERT INTO BLC_SKU_MEDIA_MAP (BLC_SKU_SKU_ID, MEDIA_ID, MAP_KEY) VALUES (400,40002,'primary');
INSERT INTO BLC_SKU_MEDIA_MAP (BLC_SKU_SKU_ID, MEDIA_ID, MAP_KEY) VALUES (500,50003,'primary');
INSERT INTO BLC_SKU_MEDIA_MAP (BLC_SKU_SKU_ID, MEDIA_ID, MAP_KEY) VALUES (600,60001,'primary');
INSERT INTO BLC_SKU_MEDIA_MAP (BLC_SKU_SKU_ID, MEDIA_ID, MAP_KEY) VALUES (100,10002,'alt1');
INSERT INTO BLC_SKU_MEDIA_MAP (BLC_SKU_SKU_ID, MEDIA_ID, MAP_KEY) VALUES (200,20001,'alt1');
INSERT INTO BLC_SKU_MEDIA_MAP (BLC_SKU_SKU_ID, MEDIA_ID, MAP_KEY) VALUES (300,30001,'alt1');
INSERT INTO BLC_SKU_MEDIA_MAP (BLC_SKU_SKU_ID, MEDIA_ID, MAP_KEY) VALUES (400,40001,'alt1');
INSERT INTO BLC_SKU_MEDIA_MAP (BLC_SKU_SKU_ID, MEDIA_ID, MAP_KEY) VALUES (500,50001,'alt1');
INSERT INTO BLC_SKU_MEDIA_MAP (BLC_SKU_SKU_ID, MEDIA_ID, MAP_KEY) VALUES (600,60002,'alt1');
INSERT INTO BLC_SKU_MEDIA_MAP (BLC_SKU_SKU_ID, MEDIA_ID, MAP_KEY) VALUES (100,10003,'alt2');
INSERT INTO BLC_SKU_MEDIA_MAP (BLC_SKU_SKU_ID, MEDIA_ID, MAP_KEY) VALUES (200,20003,'alt2');
INSERT INTO BLC_SKU_MEDIA_MAP (BLC_SKU_SKU_ID, MEDIA_ID, MAP_KEY) VALUES (300,30002,'alt2');
INSERT INTO BLC_SKU_MEDIA_MAP (BLC_SKU_SKU_ID, MEDIA_ID, MAP_KEY) VALUES (400,40003,'alt2');
INSERT INTO BLC_SKU_MEDIA_MAP (BLC_SKU_SKU_ID, MEDIA_ID, MAP_KEY) VALUES (500,50002,'alt2');
INSERT INTO BLC_SKU_MEDIA_MAP (BLC_SKU_SKU_ID, MEDIA_ID, MAP_KEY) VALUES (600,60003,'alt2');


------------------------------------------------------------------------------------------------------------------
-- Load Catalog - Step 5: Asset Items (media)
-- ========================================================
------------------------------------------------------------------------------------------------------------------
INSERT INTO BLC_STATIC_ASSET (STATIC_ASSET_ID, MIME_TYPE, STORAGE_TYPE, FULL_URL, NAME) VALUES (101,'image/jpg','FILESYSTEM','/img/sauces/Sudden-Death-Sauce-Bottle.jpg','Sudden Death Sauce Bottle');
INSERT INTO BLC_STATIC_ASSET (STATIC_ASSET_ID, MIME_TYPE, STORAGE_TYPE, FULL_URL, NAME) VALUES (102,'image/jpg','FILESYSTEM','/img/sauces/Sudden-Death-Sauce-Close.jpg','Sudden Death Sauce Close-up');
INSERT INTO BLC_STATIC_ASSET (STATIC_ASSET_ID, MIME_TYPE, STORAGE_TYPE, FULL_URL, NAME) VALUES (201,'image/jpg','FILESYSTEM','/img/sauces/Sweet-Death-Sauce-Bottle.jpg','Sweet Death Sauce Bottle');
INSERT INTO BLC_STATIC_ASSET (STATIC_ASSET_ID, MIME_TYPE, STORAGE_TYPE, FULL_URL, NAME) VALUES (202,'image/jpg','FILESYSTEM','/img/sauces/Sweet-Death-Sauce-Close.jpg','Sweet Death Sauce Close-up');
INSERT INTO BLC_STATIC_ASSET (STATIC_ASSET_ID, MIME_TYPE, STORAGE_TYPE, FULL_URL, NAME) VALUES (203,'image/jpg','FILESYSTEM','/img/sauces/Sweet-Death-Sauce-Skull.jpg','Sweet Death Sauce Close-up');
INSERT INTO BLC_STATIC_ASSET (STATIC_ASSET_ID, MIME_TYPE, STORAGE_TYPE, FULL_URL, NAME) VALUES (204,'image/jpg','FILESYSTEM','/img/sauces/Sweet-Death-Sauce-Tile.jpg','Sweet Death Sauce Close-up');
INSERT INTO BLC_STATIC_ASSET (STATIC_ASSET_ID, MIME_TYPE, STORAGE_TYPE, FULL_URL, NAME) VALUES (205,'image/jpg','FILESYSTEM','/img/sauces/Sweet-Death-Sauce-Grass.jpg','Sweet Death Sauce Close-up');
INSERT INTO BLC_STATIC_ASSET (STATIC_ASSET_ID, MIME_TYPE, STORAGE_TYPE, FULL_URL, NAME) VALUES (206,'image/jpg','FILESYSTEM','/img/sauces/Sweet-Death-Sauce-Logo.jpg','Sweet Death Sauce Close-up');
INSERT INTO BLC_STATIC_ASSET (STATIC_ASSET_ID, MIME_TYPE, STORAGE_TYPE, FULL_URL, NAME) VALUES (301,'image/jpg','FILESYSTEM','/img/sauces/Hoppin-Hot-Sauce-Bottle.jpg','Hoppin Hot Sauce Bottle');
INSERT INTO BLC_STATIC_ASSET (STATIC_ASSET_ID, MIME_TYPE, STORAGE_TYPE, FULL_URL, NAME) VALUES (302,'image/jpg','FILESYSTEM','/img/sauces/Hoppin-Hot-Sauce-Close.jpg','Hoppin Hot Sauce Close-up');
INSERT INTO BLC_STATIC_ASSET (STATIC_ASSET_ID, MIME_TYPE, STORAGE_TYPE, FULL_URL, NAME) VALUES (401,'image/jpg','FILESYSTEM','/img/sauces/Day-of-the-Dead-Chipotle-Hot-Sauce-Bottle.jpg','Day of the Dead Chipotle Hot Sauce Bottle');
INSERT INTO BLC_STATIC_ASSET (STATIC_ASSET_ID, MIME_TYPE, STORAGE_TYPE, FULL_URL, NAME) VALUES (402,'image/jpg','FILESYSTEM','/img/sauces/Day-of-the-Dead-Chipotle-Hot-Sauce-Close.jpg','Day of the Dead Chipotle Hot Sauce Close-up');
INSERT INTO BLC_STATIC_ASSET (STATIC_ASSET_ID, MIME_TYPE, STORAGE_TYPE, FULL_URL, NAME) VALUES (501,'image/jpg','FILESYSTEM','/img/sauces/Day-of-the-Dead-Habanero-Hot-Sauce-Bottle.jpg','Day of the Dead Habanero Hot Sauce Bottle');
INSERT INTO BLC_STATIC_ASSET (STATIC_ASSET_ID, MIME_TYPE, STORAGE_TYPE, FULL_URL, NAME) VALUES (502,'image/jpg','FILESYSTEM','/img/sauces/Day-of-the-Dead-Habanero-Hot-Sauce-Close.jpg','Day of the Dead Habanero Hot Sauce Close-up');
INSERT INTO BLC_STATIC_ASSET (STATIC_ASSET_ID, MIME_TYPE, STORAGE_TYPE, FULL_URL, NAME) VALUES (601,'image/jpg','FILESYSTEM','/img/sauces/Day-of-the-Dead-Scotch-Bonnet-Hot-Sauce-Bottle.jpg','Day of the Dead Scotch Bonnet Hot Sauce Bottle');
INSERT INTO BLC_STATIC_ASSET (STATIC_ASSET_ID, MIME_TYPE, STORAGE_TYPE, FULL_URL, NAME) VALUES (602,'image/jpg','FILESYSTEM','/img/sauces/Day-of-the-Dead-Scotch-Bonnet-Hot-Sauce-Close.jpg','Day of the Dead Scotch Bonnet Hot Sauce Close-up');
INSERT INTO BLC_STATIC_ASSET (STATIC_ASSET_ID, MIME_TYPE, STORAGE_TYPE, FULL_URL, NAME) VALUES (701,'image/jpg','FILESYSTEM','/img/sauces/Green-Ghost-Bottle.jpg','Green Ghost Bottle');
INSERT INTO BLC_STATIC_ASSET (STATIC_ASSET_ID, MIME_TYPE, STORAGE_TYPE, FULL_URL, NAME) VALUES (702,'image/jpg','FILESYSTEM','/img/sauces/Green-Ghost-Close.jpg','Green Ghost Close-up');
INSERT INTO BLC_STATIC_ASSET (STATIC_ASSET_ID, MIME_TYPE, STORAGE_TYPE, FULL_URL, NAME) VALUES (801,'image/jpg','FILESYSTEM','/img/sauces/Blazin-Saddle-XXX-Hot-Habanero-Pepper-Sauce-Bottle.jpg','Blazin Saddle XXX Hot Habanero Pepper Sauce Bottle');
INSERT INTO BLC_STATIC_ASSET (STATIC_ASSET_ID, MIME_TYPE, STORAGE_TYPE, FULL_URL, NAME) VALUES (802,'image/jpg','FILESYSTEM','/img/sauces/Blazin-Saddle-XXX-Hot-Habanero-Pepper-Sauce-Close.jpg','Blazin Saddle XXX Hot Habanero Pepper Sauce Close-up');
INSERT INTO BLC_STATIC_ASSET (STATIC_ASSET_ID, MIME_TYPE, STORAGE_TYPE, FULL_URL, NAME) VALUES (901,'image/jpg','FILESYSTEM','/img/sauces/Armageddon-The-Hot-Sauce-To-End-All-Bottle.jpg','Armageddon The Hot Sauce To End All Bottle');
INSERT INTO BLC_STATIC_ASSET (STATIC_ASSET_ID, MIME_TYPE, STORAGE_TYPE, FULL_URL, NAME) VALUES (902,'image/jpg','FILESYSTEM','/img/sauces/Armageddon-The-Hot-Sauce-To-End-All-Close.jpg','Armageddon The Hot Sauce To End All Close-up');
INSERT INTO BLC_STATIC_ASSET (STATIC_ASSET_ID, MIME_TYPE, STORAGE_TYPE, FULL_URL, NAME) VALUES (1001,'image/jpg','FILESYSTEM','/img/sauces/Dr.-Chilemeisters-Insane-Hot-Sauce-Bottle.jpg','Dr. Chilemeisters Insane Hot Sauce Bottle');
INSERT INTO BLC_STATIC_ASSET (STATIC_ASSET_ID, MIME_TYPE, STORAGE_TYPE, FULL_URL, NAME) VALUES (1002,'image/jpg','FILESYSTEM','/img/sauces/Dr.-Chilemeisters-Insane-Hot-Sauce-Close.jpg','Dr. Chilemeisters Insane Hot Sauce Close-up');
INSERT INTO BLC_STATIC_ASSET (STATIC_ASSET_ID, MIME_TYPE, STORAGE_TYPE, FULL_URL, NAME) VALUES (1101,'image/jpg','FILESYSTEM','/img/sauces/Bull-Snort-Cowboy-Cayenne-Pepper-Hot-Sauce-Bottle.jpg','Bull Snort Cowboy Cayenne Pepper Hot Sauce Bottle');
INSERT INTO BLC_STATIC_ASSET (STATIC_ASSET_ID, MIME_TYPE, STORAGE_TYPE, FULL_URL, NAME) VALUES (1102,'image/jpg','FILESYSTEM','/img/sauces/Bull-Snort-Cowboy-Cayenne-Pepper-Hot-Sauce-Close.jpg','Bull Snort Cowboy Cayenne Pepper Hot Sauce Close-up');
INSERT INTO BLC_STATIC_ASSET (STATIC_ASSET_ID, MIME_TYPE, STORAGE_TYPE, FULL_URL, NAME) VALUES (1201,'image/jpg','FILESYSTEM','/img/sauces/Cafe-Louisiane-Sweet-Cajun-Blackening-Sauce-Bottle.jpg','Cafe Louisiane Sweet Cajun Blackening Sauce Bottle');
INSERT INTO BLC_STATIC_ASSET (STATIC_ASSET_ID, MIME_TYPE, STORAGE_TYPE, FULL_URL, NAME) VALUES (1202,'image/jpg','FILESYSTEM','/img/sauces/Cafe-Louisiane-Sweet-Cajun-Blackening-Sauce-Close.jpg','Cafe Louisiane Sweet Cajun Blackening Sauce Close-up');
INSERT INTO BLC_STATIC_ASSET (STATIC_ASSET_ID, MIME_TYPE, STORAGE_TYPE, FULL_URL, NAME) VALUES (1301,'image/jpg','FILESYSTEM','/img/sauces/Bull-Snort-Smokin-Toncils-Hot-Sauce-Bottle.jpg','Bull Snort Smokin Toncils Hot Sauce Bottle');
INSERT INTO BLC_STATIC_ASSET (STATIC_ASSET_ID, MIME_TYPE, STORAGE_TYPE, FULL_URL, NAME) VALUES (1302,'image/jpg','FILESYSTEM','/img/sauces/Bull-Snort-Smokin-Toncils-Hot-Sauce-Close.jpg','Bull Snort Smokin Toncils Hot Sauce Close-up');
INSERT INTO BLC_STATIC_ASSET (STATIC_ASSET_ID, MIME_TYPE, STORAGE_TYPE, FULL_URL, NAME) VALUES (1401,'image/jpg','FILESYSTEM','/img/sauces/Cool-Cayenne-Pepper-Hot-Sauce-Bottle.jpg','Cool Cayenne Pepper Hot Sauce Bottle');
INSERT INTO BLC_STATIC_ASSET (STATIC_ASSET_ID, MIME_TYPE, STORAGE_TYPE, FULL_URL, NAME) VALUES (1402,'image/jpg','FILESYSTEM','/img/sauces/Cool-Cayenne-Pepper-Hot-Sauce-Close.jpg','Cool Cayenne Pepper Hot Sauce Close-up');
INSERT INTO BLC_STATIC_ASSET (STATIC_ASSET_ID, MIME_TYPE, STORAGE_TYPE, FULL_URL, NAME) VALUES (1501,'image/jpg','FILESYSTEM','/img/sauces/Roasted-Garlic-Hot-Sauce-Bottle.jpg','Roasted Garlic Hot Sauce Bottle');
INSERT INTO BLC_STATIC_ASSET (STATIC_ASSET_ID, MIME_TYPE, STORAGE_TYPE, FULL_URL, NAME) VALUES (1502,'image/jpg','FILESYSTEM','/img/sauces/Roasted-Garlic-Hot-Sauce-Close.jpg','Roasted Garlic Hot Sauce Close-up');
INSERT INTO BLC_STATIC_ASSET (STATIC_ASSET_ID, MIME_TYPE, STORAGE_TYPE, FULL_URL, NAME) VALUES (1601,'image/jpg','FILESYSTEM','/img/sauces/Scotch-Bonnet-Hot-Sauce-Bottle.jpg','Scotch Bonnet Hot Sauce Bottle');
INSERT INTO BLC_STATIC_ASSET (STATIC_ASSET_ID, MIME_TYPE, STORAGE_TYPE, FULL_URL, NAME) VALUES (1602,'image/jpg','FILESYSTEM','/img/sauces/Scotch-Bonnet-Hot-Sauce-Close.jpg','Scotch Bonnet Hot Sauce Close-up');
INSERT INTO BLC_STATIC_ASSET (STATIC_ASSET_ID, MIME_TYPE, STORAGE_TYPE, FULL_URL, NAME) VALUES (1701,'image/jpg','FILESYSTEM','/img/sauces/Insanity-Sauce-Bottle.jpg','Insanity Sauce Bottle');
INSERT INTO BLC_STATIC_ASSET (STATIC_ASSET_ID, MIME_TYPE, STORAGE_TYPE, FULL_URL, NAME) VALUES (1702,'image/jpg','FILESYSTEM','/img/sauces/Insanity-Sauce-Close.jpg','Insanity Sauce Close-up');
INSERT INTO BLC_STATIC_ASSET (STATIC_ASSET_ID, MIME_TYPE, STORAGE_TYPE, FULL_URL, NAME) VALUES (1801,'image/jpg','FILESYSTEM','/img/sauces/Hurtin-Jalepeno-Hot-Sauce-Bottle.jpg','Hurtin Jalepeno Hot Sauce Bottle');
INSERT INTO BLC_STATIC_ASSET (STATIC_ASSET_ID, MIME_TYPE, STORAGE_TYPE, FULL_URL, NAME) VALUES (1802,'image/jpg','FILESYSTEM','/img/sauces/Hurtin-Jalepeno-Hot-Sauce-Close.jpg','Hurtin Jalepeno Hot Sauce Close-up');
INSERT INTO BLC_STATIC_ASSET (STATIC_ASSET_ID, MIME_TYPE, STORAGE_TYPE, FULL_URL, NAME) VALUES (1901,'image/jpg','FILESYSTEM','/img/sauces/Roasted-Red-Pepper-and-Chipotle-Hot-Sauce-Bottle.jpg','Roasted Red Pepper and Chipotle Hot Sauce Bottle');
INSERT INTO BLC_STATIC_ASSET (STATIC_ASSET_ID, MIME_TYPE, STORAGE_TYPE, FULL_URL, NAME) VALUES (1902,'image/jpg','FILESYSTEM','/img/sauces/Roasted-Red-Pepper-and-Chipotle-Hot-Sauce-Close.jpg','Roasted Red Pepper and Chipotle Hot Sauce Close-up');

INSERT INTO BLC_STATIC_ASSET (STATIC_ASSET_ID, MIME_TYPE, STORAGE_TYPE, FULL_URL, NAME) VALUES (10001,'image/jpg','FILESYSTEM','/img/merch/habanero_mens_black.jpg','Hawt Like a Habanero Men''s Black');
INSERT INTO BLC_STATIC_ASSET (STATIC_ASSET_ID, MIME_TYPE, STORAGE_TYPE, FULL_URL, NAME) VALUES (10002,'image/jpg','FILESYSTEM','/img/merch/habanero_mens_red.jpg','Hawt Like a Habanero Men''s Red');
INSERT INTO BLC_STATIC_ASSET (STATIC_ASSET_ID, MIME_TYPE, STORAGE_TYPE, FULL_URL, NAME) VALUES (10003,'image/jpg','FILESYSTEM','/img/merch/habanero_mens_silver.jpg','Hawt Like a Habanero Men''s Silver');
INSERT INTO BLC_STATIC_ASSET (STATIC_ASSET_ID, MIME_TYPE, STORAGE_TYPE, FULL_URL, NAME) VALUES (20001,'image/jpg','FILESYSTEM','/img/merch/habanero_womens_black.jpg','Hawt Like a Habanero Women''s Black');
INSERT INTO BLC_STATIC_ASSET (STATIC_ASSET_ID, MIME_TYPE, STORAGE_TYPE, FULL_URL, NAME) VALUES (20002,'image/jpg','FILESYSTEM','/img/merch/habanero_womens_red.jpg','Hawt Like a Habanero Women''s Red');
INSERT INTO BLC_STATIC_ASSET (STATIC_ASSET_ID, MIME_TYPE, STORAGE_TYPE, FULL_URL, NAME) VALUES (20003,'image/jpg','FILESYSTEM','/img/merch/habanero_womens_silver.jpg','Hawt Like a Habanero Women''s Silver');
INSERT INTO BLC_STATIC_ASSET (STATIC_ASSET_ID, MIME_TYPE, STORAGE_TYPE, FULL_URL, NAME) VALUES (30001,'image/jpg','FILESYSTEM','/img/merch/heat_clinic_handdrawn_mens_black.jpg','Heat Clinic Hand-Drawn Men''s Black');
INSERT INTO BLC_STATIC_ASSET (STATIC_ASSET_ID, MIME_TYPE, STORAGE_TYPE, FULL_URL, NAME) VALUES (30002,'image/jpg','FILESYSTEM','/img/merch/heat_clinic_handdrawn_mens_red.jpg','Heat Clinic Hand-Drawn Men''s Red');
INSERT INTO BLC_STATIC_ASSET (STATIC_ASSET_ID, MIME_TYPE, STORAGE_TYPE, FULL_URL, NAME) VALUES (30003,'image/jpg','FILESYSTEM','/img/merch/heat_clinic_handdrawn_mens_silver.jpg','Heat Clinic Hand-Drawn Men''s Silver');
INSERT INTO BLC_STATIC_ASSET (STATIC_ASSET_ID, MIME_TYPE, STORAGE_TYPE, FULL_URL, NAME) VALUES (40001,'image/jpg','FILESYSTEM','/img/merch/heat_clinic_handdrawn_womens_black.jpg','Heat Clinic Hand-Drawn Women''s Black');
INSERT INTO BLC_STATIC_ASSET (STATIC_ASSET_ID, MIME_TYPE, STORAGE_TYPE, FULL_URL, NAME) VALUES (40002,'image/jpg','FILESYSTEM','/img/merch/heat_clinic_handdrawn_womens_red.jpg','Heat Clinic Hand-Drawn Women''s Red');
INSERT INTO BLC_STATIC_ASSET (STATIC_ASSET_ID, MIME_TYPE, STORAGE_TYPE, FULL_URL, NAME) VALUES (40003,'image/jpg','FILESYSTEM','/img/merch/heat_clinic_handdrawn_womens_silver.jpg','Heat Clinic Hand-Drawn Women''s Silver');
INSERT INTO BLC_STATIC_ASSET (STATIC_ASSET_ID, MIME_TYPE, STORAGE_TYPE, FULL_URL, NAME) VALUES (50001,'image/jpg','FILESYSTEM','/img/merch/heat_clinic_mascot_mens_black.jpg','Heat Clinic Mascot Men''s Black');
INSERT INTO BLC_STATIC_ASSET (STATIC_ASSET_ID, MIME_TYPE, STORAGE_TYPE, FULL_URL, NAME) VALUES (50002,'image/jpg','FILESYSTEM','/img/merch/heat_clinic_mascot_mens_red.jpg','Heat Clinic Mascot Men''s Red');
INSERT INTO BLC_STATIC_ASSET (STATIC_ASSET_ID, MIME_TYPE, STORAGE_TYPE, FULL_URL, NAME) VALUES (50003,'image/jpg','FILESYSTEM','/img/merch/heat_clinic_mascot_mens_silver.jpg','Heat Clinic Mascot Men''s Silver');
INSERT INTO BLC_STATIC_ASSET (STATIC_ASSET_ID, MIME_TYPE, STORAGE_TYPE, FULL_URL, NAME) VALUES (60001,'image/jpg','FILESYSTEM','/img/merch/heat_clinic_mascot_womens_black.jpg','Heat Clinic Mascot Women''s Black');
INSERT INTO BLC_STATIC_ASSET (STATIC_ASSET_ID, MIME_TYPE, STORAGE_TYPE, FULL_URL, NAME) VALUES (60002,'image/jpg','FILESYSTEM','/img/merch/heat_clinic_mascot_womens_red.jpg','Heat Clinic Mascot Women''s Red');
INSERT INTO BLC_STATIC_ASSET (STATIC_ASSET_ID, MIME_TYPE, STORAGE_TYPE, FULL_URL, NAME) VALUES (60003,'image/jpg','FILESYSTEM','/img/merch/heat_clinic_mascot_womens_silver.jpg','Heat Clinic Mascot Women''s Silver');